/*
MySQL Backup
Source Server Version: 5.5.9
Source Database: hihsoft-sso
Date: 2013/8/6 20:56:44
*/

SET FOREIGN_KEY_CHECKS=0;

-- ----------------------------
--  Table structure for `t_acl_dutyuser`
-- ----------------------------
DROP TABLE IF EXISTS `t_acl_dutyuser`;
CREATE TABLE `t_acl_dutyuser` (
  `DUTYUSERID` varchar(32) NOT NULL,
  `USERID` varchar(32) DEFAULT NULL,
  `DUTYID` varchar(32) DEFAULT NULL,
  PRIMARY KEY (`DUTYUSERID`),
  KEY `FKD334D9E1701456EA` (`DUTYID`),
  KEY `FKD334D9E1BFA0F9FF` (`USERID`),
  CONSTRAINT `FKD334D9E1BFA0F9FF` FOREIGN KEY (`USERID`) REFERENCES `t_acl_userinfo` (`USERID`),
  CONSTRAINT `FKD334D9E1701456EA` FOREIGN KEY (`DUTYID`) REFERENCES `t_sys_duty` (`DUTYID`)
) ENGINE=InnoDB DEFAULT CHARSET=utf8;

-- ----------------------------
--  Table structure for `t_acl_role`
-- ----------------------------
DROP TABLE IF EXISTS `t_acl_role`;
CREATE TABLE `t_acl_role` (
  `ROLEID` varchar(32) NOT NULL,
  `REMARK` varchar(100) DEFAULT NULL,
  `ROLENAME` varchar(40) DEFAULT NULL,
  `ROLETYPE` varchar(2) DEFAULT NULL,
  `ORGID` varchar(32) DEFAULT NULL,
  `ROLE_SORT` varchar(1) DEFAULT NULL,
  PRIMARY KEY (`ROLEID`),
  KEY `FKECFDB6B656CBCFE0` (`ORGID`),
  CONSTRAINT `FKECFDB6B656CBCFE0` FOREIGN KEY (`ORGID`) REFERENCES `t_sys_org` (`ORGID`)
) ENGINE=InnoDB DEFAULT CHARSET=utf8;

-- ----------------------------
--  Table structure for `t_acl_roleprivilege`
-- ----------------------------
DROP TABLE IF EXISTS `t_acl_roleprivilege`;
CREATE TABLE `t_acl_roleprivilege` (
  `RID` varchar(32) NOT NULL,
  `MODULEID` varchar(32) DEFAULT NULL,
  `OPERATEID` varchar(32) DEFAULT NULL,
  `ROLEID` varchar(32) DEFAULT NULL,
  PRIMARY KEY (`RID`)
) ENGINE=InnoDB DEFAULT CHARSET=utf8;

-- ----------------------------
--  Table structure for `t_acl_roleuser`
-- ----------------------------
DROP TABLE IF EXISTS `t_acl_roleuser`;
CREATE TABLE `t_acl_roleuser` (
  `ROLEUSERID` varchar(32) NOT NULL,
  `USERID` varchar(32) DEFAULT NULL,
  `ROLEID` varchar(32) DEFAULT NULL,
  PRIMARY KEY (`ROLEUSERID`),
  KEY `FK355F4F81A9888D67` (`ROLEID`),
  KEY `FK355F4F81BFA0F9FF` (`USERID`),
  CONSTRAINT `FK355F4F81BFA0F9FF` FOREIGN KEY (`USERID`) REFERENCES `t_acl_userinfo` (`USERID`),
  CONSTRAINT `FK355F4F81A9888D67` FOREIGN KEY (`ROLEID`) REFERENCES `t_acl_role` (`ROLEID`)
) ENGINE=InnoDB DEFAULT CHARSET=utf8;

-- ----------------------------
--  Table structure for `t_acl_userinfo`
-- ----------------------------
DROP TABLE IF EXISTS `t_acl_userinfo`;
CREATE TABLE `t_acl_userinfo` (
  `USERID` varchar(32) NOT NULL,
  `BIRTHDAY` varchar(4) DEFAULT NULL,
  `CERTIFIED` varchar(20) DEFAULT NULL,
  `CITY` longtext,
  `USER_EMAIL` varchar(100) DEFAULT NULL,
  `IDCARD` varchar(18) DEFAULT NULL,
  `IMAGEPATH` varchar(100) DEFAULT NULL,
  `ISONLINE` varchar(6) DEFAULT NULL,
  `LOGINNAME` varchar(20) DEFAULT NULL,
  `MOBILE` varchar(12) DEFAULT NULL,
  `MSN` varchar(100) DEFAULT NULL,
  `NICKNAME` varchar(20) DEFAULT NULL,
  `PROVINCE` longtext,
  `QQ` varchar(20) DEFAULT NULL,
  `SEX` varchar(1) DEFAULT NULL,
  `ORGID` varchar(32) DEFAULT NULL,
  `DEPTID` varchar(32) DEFAULT NULL,
  `TELEPHONE` varchar(30) DEFAULT NULL,
  `USERDESC` varchar(60) DEFAULT NULL,
  `USERNAME` varchar(30) DEFAULT NULL,
  `USERPW` varchar(50) DEFAULT NULL,
  `USERSTATE` varchar(6) DEFAULT NULL,
  `USERTYPE` varchar(2) DEFAULT NULL,
  `WORK` varchar(30) DEFAULT NULL,
  `TRADE` varchar(50) DEFAULT NULL,
  `AGE` varchar(2) DEFAULT NULL,
  `USER_NO` varchar(20) DEFAULT NULL,
  `OFFICE_ADDR` varchar(100) DEFAULT NULL,
  `MODIFY_TIME` varchar(20) DEFAULT NULL,
  `FAX` varchar(50) DEFAULT NULL,
  `SUPERADMIN` varchar(10) DEFAULT NULL,
  `DUTYID` varchar(32) DEFAULT NULL,
  PRIMARY KEY (`USERID`),
  KEY `FK355B8139701456EA` (`DUTYID`),
  KEY `FK355B813956CBCFE0` (`ORGID`),
  CONSTRAINT `FK355B813956CBCFE0` FOREIGN KEY (`ORGID`) REFERENCES `t_sys_org` (`ORGID`),
  CONSTRAINT `FK355B8139701456EA` FOREIGN KEY (`DUTYID`) REFERENCES `t_sys_duty` (`DUTYID`)
) ENGINE=InnoDB DEFAULT CHARSET=utf8;

-- ----------------------------
--  Table structure for `t_acl_userprivilege`
-- ----------------------------
DROP TABLE IF EXISTS `t_acl_userprivilege`;
CREATE TABLE `t_acl_userprivilege` (
  `USERPRVIID` varchar(32) NOT NULL,
  `MODULEID` varchar(32) DEFAULT NULL,
  `OPERATEID` varchar(32) DEFAULT NULL,
  `USERID` varchar(32) DEFAULT NULL,
  PRIMARY KEY (`USERPRVIID`)
) ENGINE=InnoDB DEFAULT CHARSET=utf8;

-- ----------------------------
--  Table structure for `t_log_audit`
-- ----------------------------
DROP TABLE IF EXISTS `t_log_audit`;
CREATE TABLE `t_log_audit` (
  `ADUITID` varchar(32) NOT NULL,
  `OID` varchar(32) DEFAULT NULL,
  `BEHIND_DATA` longtext,
  `FRONT_DATA` longtext,
  `CREATE_USER` varchar(32) DEFAULT NULL,
  `CREATE_TIME` varchar(30) DEFAULT NULL,
  `MODIFY_MAN` varchar(32) DEFAULT NULL,
  `MODIFY_TIME` varchar(30) DEFAULT NULL,
  `PROPERTY` longtext,
  `OPERATION_TYPE` varchar(20) DEFAULT NULL,
  PRIMARY KEY (`ADUITID`)
) ENGINE=InnoDB DEFAULT CHARSET=utf8;

-- ----------------------------
--  Table structure for `t_log_businesslog`
-- ----------------------------
DROP TABLE IF EXISTS `t_log_businesslog`;
CREATE TABLE `t_log_businesslog` (
  `LOGID` varchar(32) NOT NULL,
  `CREATE_DATE` varchar(30) DEFAULT NULL,
  `CUSTIP` varchar(15) DEFAULT NULL,
  `MODULEID` varchar(32) DEFAULT NULL,
  `OPERATEID` varchar(32) DEFAULT NULL,
  `ORGID` varchar(32) DEFAULT NULL,
  `USERID` varchar(32) DEFAULT NULL,
  PRIMARY KEY (`LOGID`),
  KEY `FK58117CDE8A2F4CF4` (`OPERATEID`),
  KEY `FK58117CDE56CBCFE0` (`ORGID`),
  KEY `FK58117CDEFEFE904` (`MODULEID`),
  KEY `FK58117CDEBFA0F9FF` (`USERID`),
  CONSTRAINT `FK58117CDEBFA0F9FF` FOREIGN KEY (`USERID`) REFERENCES `t_acl_userinfo` (`USERID`),
  CONSTRAINT `FK58117CDE56CBCFE0` FOREIGN KEY (`ORGID`) REFERENCES `t_sys_org` (`ORGID`),
  CONSTRAINT `FK58117CDE8A2F4CF4` FOREIGN KEY (`OPERATEID`) REFERENCES `t_sys_moduleoperate` (`OPERATEID`),
  CONSTRAINT `FK58117CDEFEFE904` FOREIGN KEY (`MODULEID`) REFERENCES `t_sys_moduleinfo` (`MODULEID`)
) ENGINE=InnoDB DEFAULT CHARSET=utf8;

-- ----------------------------
--  Table structure for `t_log_dbsql`
-- ----------------------------
DROP TABLE IF EXISTS `t_log_dbsql`;
CREATE TABLE `t_log_dbsql` (
  `DATABASE_OID` varchar(32) NOT NULL,
  `TABLE_NAME` varchar(100) DEFAULT NULL,
  `TABLE_OPERATE` varchar(60) DEFAULT NULL,
  `TABLE_ACCESS_TIMES` varchar(30) DEFAULT NULL,
  `TABLE_ACCESS_LAST_TIME` varchar(30) DEFAULT NULL,
  `COLUMES` varchar(2) DEFAULT NULL,
  `USERID` varchar(32) DEFAULT NULL,
  PRIMARY KEY (`DATABASE_OID`)
) ENGINE=InnoDB DEFAULT CHARSET=utf8;

-- ----------------------------
--  Table structure for `t_log_loginlog`
-- ----------------------------
DROP TABLE IF EXISTS `t_log_loginlog`;
CREATE TABLE `t_log_loginlog` (
  `LOGID` varchar(32) NOT NULL,
  `IPADDR` varchar(30) DEFAULT NULL,
  `LOGINTIME` varchar(30) DEFAULT NULL,
  `LOGOUTTIME` varchar(30) DEFAULT NULL,
  `ONLINETIME` varchar(20) DEFAULT NULL,
  `USERID` varchar(32) DEFAULT NULL,
  `LOGOUT` varchar(2) DEFAULT NULL,
  `ORGID` varchar(32) DEFAULT NULL,
  PRIMARY KEY (`LOGID`)
) ENGINE=InnoDB DEFAULT CHARSET=utf8;

-- ----------------------------
--  Table structure for `t_log_servicecall`
-- ----------------------------
DROP TABLE IF EXISTS `t_log_servicecall`;
CREATE TABLE `t_log_servicecall` (
  `CALLID` varchar(32) NOT NULL,
  `SERVICE_CLASS` varchar(200) DEFAULT NULL,
  `USERID` varchar(32) DEFAULT NULL,
  `METHOD_NAME` varchar(100) DEFAULT NULL,
  `CONSUME_TIME` varchar(30) DEFAULT NULL,
  `Call_TIME` varchar(20) DEFAULT NULL,
  PRIMARY KEY (`CALLID`)
) ENGINE=InnoDB DEFAULT CHARSET=utf8;

-- ----------------------------
--  Table structure for `t_log_sysexception`
-- ----------------------------
DROP TABLE IF EXISTS `t_log_sysexception`;
CREATE TABLE `t_log_sysexception` (
  `EXCEPTION_OID` varchar(32) NOT NULL,
  `EXCEPTION_TIMES` varchar(100) DEFAULT NULL,
  `EXCEPTION_LASTTIME` varchar(30) DEFAULT NULL,
  `EXCEPTION_NAME` varchar(200) DEFAULT NULL,
  `EXCEPTION_MSG` longtext,
  `EXCEPTION_CLASS` longtext,
  `USERID` varchar(32) DEFAULT NULL,
  PRIMARY KEY (`EXCEPTION_OID`)
) ENGINE=InnoDB DEFAULT CHARSET=utf8;

-- ----------------------------
--  Table structure for `t_sys_areacoding`
-- ----------------------------
DROP TABLE IF EXISTS `t_sys_areacoding`;
CREATE TABLE `t_sys_areacoding` (
  `AREACODINGID` varchar(32) NOT NULL,
  `AREACODE` varchar(6) DEFAULT NULL,
  `AREANAME` varchar(40) DEFAULT NULL,
  `AREATYPE` varchar(2) DEFAULT NULL,
  `PARENTAREA` varchar(32) DEFAULT NULL,
  PRIMARY KEY (`AREACODINGID`)
) ENGINE=InnoDB DEFAULT CHARSET=utf8;

-- ----------------------------
--  Table structure for `t_sys_codebuilder`
-- ----------------------------
DROP TABLE IF EXISTS `t_sys_codebuilder`;
CREATE TABLE `t_sys_codebuilder` (
  `CODEID` varchar(32) NOT NULL,
  `PRI` varchar(10) DEFAULT NULL,
  `TABLENAME` varchar(100) DEFAULT NULL,
  `FIELDS` varchar(50) DEFAULT NULL,
  `QUERYCONDITION` varchar(10) DEFAULT NULL,
  `FILL` varchar(10) DEFAULT NULL,
  `DESCRIPT` varchar(200) DEFAULT NULL,
  `CONTROL` varchar(20) DEFAULT NULL,
  PRIMARY KEY (`CODEID`)
) ENGINE=InnoDB DEFAULT CHARSET=utf8;

-- ----------------------------
--  Table structure for `t_sys_dataprivilege`
-- ----------------------------
DROP TABLE IF EXISTS `t_sys_dataprivilege`;
CREATE TABLE `t_sys_dataprivilege` (
  `DATAID` varchar(32) NOT NULL,
  `USERID` varchar(32) DEFAULT NULL,
  `ORGID` varchar(32) DEFAULT NULL,
  PRIMARY KEY (`DATAID`),
  KEY `FK6CF17CEA56CBCFE0` (`ORGID`),
  KEY `FK6CF17CEABFA0F9FF` (`USERID`),
  CONSTRAINT `FK6CF17CEABFA0F9FF` FOREIGN KEY (`USERID`) REFERENCES `t_acl_userinfo` (`USERID`),
  CONSTRAINT `FK6CF17CEA56CBCFE0` FOREIGN KEY (`ORGID`) REFERENCES `t_sys_org` (`ORGID`)
) ENGINE=InnoDB DEFAULT CHARSET=utf8;

-- ----------------------------
--  Table structure for `t_sys_duty`
-- ----------------------------
DROP TABLE IF EXISTS `t_sys_duty`;
CREATE TABLE `t_sys_duty` (
  `DUTYID` varchar(32) NOT NULL,
  `DUTYNAME` varchar(80) DEFAULT NULL,
  `REMARK` varchar(200) DEFAULT NULL,
  `PARENT_DUTYID` varchar(32) DEFAULT NULL,
  `DUTY_TYPE` varchar(2) DEFAULT NULL,
  `DUTY_SORT` varchar(2) DEFAULT NULL,
  PRIMARY KEY (`DUTYID`),
  KEY `FKD2879CB3CB68181F` (`PARENT_DUTYID`),
  CONSTRAINT `FKD2879CB3CB68181F` FOREIGN KEY (`PARENT_DUTYID`) REFERENCES `t_sys_duty` (`DUTYID`)
) ENGINE=InnoDB DEFAULT CHARSET=utf8;

-- ----------------------------
--  Table structure for `t_sys_flat`
-- ----------------------------
DROP TABLE IF EXISTS `t_sys_flat`;
CREATE TABLE `t_sys_flat` (
  `FLATID` varchar(32) NOT NULL,
  `FLATCODE` varchar(10) DEFAULT NULL,
  `REMARK` varchar(100) DEFAULT NULL,
  `FLATURL` varchar(100) DEFAULT NULL,
  `SHORTNAME` varchar(10) DEFAULT NULL,
  `FLATDESC` int(11) DEFAULT NULL,
  `FLATNAME` varchar(50) DEFAULT NULL,
  PRIMARY KEY (`FLATID`)
) ENGINE=InnoDB DEFAULT CHARSET=utf8;

-- ----------------------------
--  Table structure for `t_sys_moduleinfo`
-- ----------------------------
DROP TABLE IF EXISTS `t_sys_moduleinfo`;
CREATE TABLE `t_sys_moduleinfo` (
  `MODULEID` varchar(32) NOT NULL,
  `FLATID` varchar(32) DEFAULT NULL,
  `LINKEDADDR` varchar(100) DEFAULT NULL,
  `MODULECLASS` varchar(2) DEFAULT NULL,
  `MODULEDESC` varchar(50) DEFAULT NULL,
  `MODULEICON` varchar(100) DEFAULT NULL,
  `MODULENAME` varchar(80) DEFAULT NULL,
  `MODULENO` varchar(50) DEFAULT NULL,
  `PARENTMODULEID` varchar(32) DEFAULT NULL,
  `SORTNUM` varchar(10) DEFAULT NULL,
  `LEAF` varchar(2) DEFAULT NULL,
  `TABSORT` varchar(10) DEFAULT NULL,
  `MODULEAREA` varchar(10) DEFAULT NULL,
  PRIMARY KEY (`MODULEID`),
  KEY `FK2B4BB1379284A7AE` (`PARENTMODULEID`),
  KEY `FK2B4BB13772F74370` (`FLATID`),
  CONSTRAINT `FK2B4BB13772F74370` FOREIGN KEY (`FLATID`) REFERENCES `t_sys_flat` (`FLATID`),
  CONSTRAINT `FK2B4BB1379284A7AE` FOREIGN KEY (`PARENTMODULEID`) REFERENCES `t_sys_moduleinfo` (`MODULEID`)
) ENGINE=InnoDB DEFAULT CHARSET=utf8;

-- ----------------------------
--  Table structure for `t_sys_moduleoperate`
-- ----------------------------
DROP TABLE IF EXISTS `t_sys_moduleoperate`;
CREATE TABLE `t_sys_moduleoperate` (
  `OPERATEID` varchar(32) NOT NULL,
  `MODULEID` varchar(32) DEFAULT NULL,
  `OPERATEONLYCODE` varchar(50) DEFAULT NULL,
  `OPERATENAME` varchar(50) DEFAULT NULL,
  `OPERATENO` varchar(20) DEFAULT NULL,
  PRIMARY KEY (`OPERATEID`),
  KEY `FK9E27083BFEFE904` (`MODULEID`),
  CONSTRAINT `FK9E27083BFEFE904` FOREIGN KEY (`MODULEID`) REFERENCES `t_sys_moduleinfo` (`MODULEID`)
) ENGINE=InnoDB DEFAULT CHARSET=utf8;

-- ----------------------------
--  Table structure for `t_sys_org`
-- ----------------------------
DROP TABLE IF EXISTS `t_sys_org`;
CREATE TABLE `t_sys_org` (
  `ORGID` varchar(32) NOT NULL,
  `ORGNO` varchar(12) DEFAULT NULL,
  `ORGNAME` varchar(30) DEFAULT NULL,
  `PARENTORGID` varchar(32) DEFAULT NULL,
  `ADDR` varchar(100) DEFAULT NULL,
  `WEBSITE` varchar(40) DEFAULT NULL,
  `TELEPHONE` varchar(20) DEFAULT NULL,
  `FAX` varchar(20) DEFAULT NULL,
  `ORGTYPE` varchar(2) DEFAULT NULL,
  `E_MAIL` varchar(30) DEFAULT NULL,
  `ORGDESC` varchar(60) DEFAULT NULL,
  `ORGSTATE` varchar(6) DEFAULT NULL,
  `ORG_CLASS` varchar(2) DEFAULT NULL,
  `ORG_SHORTNAME` varchar(20) DEFAULT NULL,
  `ORG_KIND` varchar(2) DEFAULT NULL,
  `CORP_MAN` varchar(30) DEFAULT NULL,
  `MOBILE` varchar(15) DEFAULT NULL,
  `ORG_SORT` varchar(1) DEFAULT NULL,
  `ORG_REGION` varchar(32) DEFAULT NULL,
  PRIMARY KEY (`ORGID`),
  KEY `FKF64699478DDDA176` (`PARENTORGID`),
  CONSTRAINT `FKF64699478DDDA176` FOREIGN KEY (`PARENTORGID`) REFERENCES `t_sys_org` (`ORGID`)
) ENGINE=InnoDB DEFAULT CHARSET=utf8;

-- ----------------------------
--  Table structure for `t_sys_parameter`
-- ----------------------------
DROP TABLE IF EXISTS `t_sys_parameter`;
CREATE TABLE `t_sys_parameter` (
  `PARAID` varchar(32) NOT NULL,
  `ISDEFAULT` varchar(2) DEFAULT NULL,
  `PARANAME` varchar(20) DEFAULT NULL,
  `PARANO` varchar(100) DEFAULT NULL,
  `PARA_CLASS` varchar(2) DEFAULT NULL,
  `PARA_KEY` varchar(60) DEFAULT NULL,
  `PARA_TYPE` varchar(20) DEFAULT NULL,
  `PARA_ORDER` bigint(20) DEFAULT NULL,
  `REMARK` varchar(100) DEFAULT NULL,
  `DISPLAYSORT` varchar(2) DEFAULT NULL,
  `PARENTPARAID` varchar(32) DEFAULT NULL,
  PRIMARY KEY (`PARAID`),
  KEY `FK5687FBCC10F56A0B` (`PARENTPARAID`),
  CONSTRAINT `FK5687FBCC10F56A0B` FOREIGN KEY (`PARENTPARAID`) REFERENCES `t_sys_parameter` (`PARAID`)
) ENGINE=InnoDB DEFAULT CHARSET=utf8;

-- ----------------------------
--  Table structure for `t_sys_treeprivilege`
-- ----------------------------
DROP TABLE IF EXISTS `t_sys_treeprivilege`;
CREATE TABLE `t_sys_treeprivilege` (
  `TREEID` varchar(32) NOT NULL,
  `ORGID` varchar(32) DEFAULT NULL,
  `USERID` varchar(32) DEFAULT NULL,
  PRIMARY KEY (`TREEID`)
) ENGINE=InnoDB DEFAULT CHARSET=utf8;

-- ----------------------------
--  Table structure for `t_sys_upload`
-- ----------------------------
DROP TABLE IF EXISTS `t_sys_upload`;
CREATE TABLE `t_sys_upload` (
  `UPLOADID` varchar(32) NOT NULL,
  `CREATE_MAN` varchar(32) DEFAULT NULL,
  `CREATE_TIME` varchar(20) DEFAULT NULL,
  `FILE_URL` varchar(200) DEFAULT NULL,
  `FILE_NAME` varchar(200) DEFAULT NULL,
  `FLATID` varchar(32) DEFAULT NULL,
  `REMARK` varchar(200) DEFAULT NULL,
  `SECOND_NAME` varchar(100) DEFAULT NULL,
  PRIMARY KEY (`UPLOADID`)
) ENGINE=InnoDB DEFAULT CHARSET=utf8;

-- ----------------------------
--  Records 
-- ----------------------------
INSERT INTO `t_acl_dutyuser` VALUES ('402881e74047f1db014047f317750000','402881e7404779050140478a804b0257','402881e74047790501404779482800e3'), ('402881e74047f1db014047f317af0001','402881e7404779050140478a804b0257','402881e74047790501404779556f016f'), ('402881e7404819110140481be1310001','402881e7404819110140481bdf980000','402881e74047790501404779482800e3');
INSERT INTO `t_acl_role` VALUES ('402881e740477905014047794b730106','拥有系统所有权限','开发管理员角色','1','402881e740477905014047793542002d','1'), ('402881e7404779050140477e30c30223',NULL,'系统管理员','2','402881e740477905014047793542002d','1');
INSERT INTO `t_acl_roleprivilege` VALUES ('402881e740477905014047794b8c0107','402881e740477905014047793cbf0075','402881e740477905014047793cd80076','402881e740477905014047794b730106'), ('402881e740477905014047794bed010b','402881e740477905014047793cbf0075','402881e740477905014047794bd8010a','402881e740477905014047794b730106'), ('402881e740477905014047794c1a010d','402881e740477905014047793cbf0075','402881e740477905014047794c04010c','402881e740477905014047794b730106'), ('402881e740477905014047794c5e0110','402881e740477905014047793cbf0075','402881e740477905014047794c47010f','402881e740477905014047794b730106'), ('402881e740477905014047794c8b0112','402881e740477905014047793cbf0075','402881e740477905014047794c730111','402881e740477905014047794b730106'), ('402881e740477905014047794d5c011b','402881e740477905014047793362001b','402881e740477905014047794d48011a','402881e740477905014047794b730106'), ('402881e740477905014047794dd7011d','402881e740477905014047793362001b','402881e740477905014047794d73011c','402881e740477905014047794b730106'), ('402881e740477905014047794def011e','402881e740477905014047793362001b','402881e740477905014047793385001c','402881e740477905014047794b730106'), ('402881e740477905014047794e03011f','402881e740477905014047793362001b','402881e740477905014047793ad80060','402881e740477905014047794b730106'), ('402881e740477905014047794e800124','402881e7404779050140477931e6000d','402881e740477905014047794e660123','402881e740477905014047794b730106'), ('402881e74047790501404779502f0135','402881e7404779050140477931e6000d','402881e7404779050140477947c700df','402881e740477905014047794b730106'), ('402881e7404779050140477950740138','402881e7404779050140477931e6000d','402881e74047790501404779505a0137','402881e740477905014047794b730106'), ('402881e74047790501404779508a0139','402881e7404779050140477940280097','402881e740477905014047794ae40100','402881e740477905014047794b730106'), ('402881e7404779050140477950b4013b','402881e7404779050140477935e90034','402881e7404779050140477950a1013a','402881e740477905014047794b730106'), ('402881e7404779050140477950cc013c','402881e7404779050140477940280097','402881e740477905014047794ec00127','402881e740477905014047794b730106'), ('402881e7404779050140477950e0013d','402881e7404779050140477940280097','402881e740477905014047794eeb0129','402881e740477905014047794b730106'), ('402881e7404779050140477950fa013e','402881e7404779050140477935e90034','402881e740477905014047794bba0109','402881e740477905014047794b730106'), ('402881e740477905014047795118013f','402881e7404779050140477940280097','402881e7404779050140477943e900bb','402881e740477905014047794b730106'), ('402881e7404779050140477951440141','402881e7404779050140477935e90034','402881e7404779050140477950010133','402881e740477905014047794b730106'), ('402881e7404779050140477951700143','402881e7404779050140477935e90034','402881e74047790501404779515a0142','402881e740477905014047794b730106'), ('402881e7404779050140477951e10148','402881e7404779050140477935e90034','402881e7404779050140477935fa0035','402881e740477905014047794b730106'), ('402881e7404779050140477951f50149','402881e7404779050140477939bb0058','402881e7404779050140477939d80059','402881e740477905014047794b730106'), ('402881e74047790501404779524f014d','402881e7404779050140477939bb0058','402881e740477905014047795237014c','402881e740477905014047794b730106'), ('402881e740477905014047795265014e','402881e7404779050140477939bb0058','402881e74047790501404779448200c2','402881e740477905014047794b730106'), ('402881e74047790501404779527b014f','402881e7404779050140477939bb0058','402881e74047790501404779441500bd','402881e740477905014047794b730106'), ('402881e7404779050140477952a80151','402881e74047790501404779474000d9','402881e7404779050140477952920150','402881e740477905014047794b730106'), ('402881e7404779050140477952e90154','402881e7404779050140477948ad00e9','402881e7404779050140477952d40153','402881e740477905014047794b730106'), ('402881e74047790501404779532e0157','402881e7404779050140477948ad00e9','402881e7404779050140477953160156','402881e740477905014047794b730106'), ('402881e7404779050140477953420158','402881e7404779050140477948ad00e9','402881e740477905014047794a3d00fb','402881e740477905014047794b730106'), ('402881e7404779050140477953590159','402881e74047790501404779474000d9','402881e7404779050140477951b30146','402881e740477905014047794b730106'), ('402881e74047790501404779630301db','402881e7404779050140477933b9001e','402881e7404779050140477936410038','402881e740477905014047794b730106'), ('402881e74047790501404779631901dc','402881e7404779050140477933b9001e','402881e7404779050140477933e4001f','402881e740477905014047794b730106'), ('402881e74047790501404779632f01dd','402881e740477905014047793cbf0075','402881e740477905014047795eda01b6','402881e740477905014047794b730106'), ('402881e74047790501404779634501de','402881e7404779050140477935e90034','402881e74047790501404779391b0053','402881e740477905014047794b730106'), ('402881e74047790501404779637201e0','402881e740477905014047793cbf0075','402881e740477905014047795a3f0189','402881e740477905014047794b730106'), ('402881e7404779050140477963a001e2','402881e7404779050140477931280006',NULL,'402881e740477905014047794b730106'), ('402881e7404779050140477963d701e4','402881e7404779050140477933130018',NULL,'402881e740477905014047794b730106'), ('402881e7404779050140477963eb01e5','402881e74047790501404779474000d9','402881e74047790501404779475500da','402881e740477905014047794b730106'), ('402881e74047790501404779640301e6','402881e74047790501404779334a001a',NULL,'402881e740477905014047794b730106'), ('402881e7404779050140477964e301f0','402881e74047790501404779314a0007','402881e7404779050140477934a10027','402881e740477905014047794b730106'), ('402881e74047790501404779651201f1','402881e7404779050140477948ad00e9','402881e740477905014047795fc101bf','402881e740477905014047794b730106'), ('402881e74047790501404779656601f3','402881e7404779050140477948ad00e9','402881e7404779050140477954380163','402881e740477905014047794b730106'), ('402881e74047790501404779657b01f4','402881e7404779050140477951860144','402881e74047790501404779519c0145','402881e740477905014047794b730106'), ('402881e74047790501404779659201f5','402881e740477905014047793eaa008a','402881e740477905014047793ebc008b','402881e740477905014047794b730106'), ('402881e7404779050140477965bf01f7','402881e740477905014047793eaa008a','402881e7404779050140477956550178','402881e740477905014047794b730106'), ('402881e7404779050140477965d401f8','402881e74047790501404779332a0019','402881e74047790501404779647001eb','402881e740477905014047794b730106'), ('402881e74047790501404779661701fb','402881e74047790501404779332a0019','402881e74047790501404779660001fa','402881e740477905014047794b730106'), ('402881e74047790501404779664401fd','402881e7404779050140477951860144','402881e740477905014047795a2a0188','402881e740477905014047794b730106'), ('402881e7404779050140477e310f0224','402881e7404779050140477931280006','','402881e7404779050140477e30c30223'), ('402881e7404779050140477e31200225','402881e74047790501404779474000d9','','402881e7404779050140477e30c30223'), ('402881e7404779050140477e31380226','402881e74047790501404779474000d9','402881e74047790501404779475500da','402881e7404779050140477e30c30223'), ('402881e7404779050140477e32640227','402881e74047790501404779474000d9','402881e7404779050140477952920150','402881e7404779050140477e30c30223'), ('402881e7404779050140477e327a0228','402881e74047790501404779474000d9','402881e7404779050140477951b30146','402881e7404779050140477e30c30223'), ('402881e7404779050140477e328f0229','402881e740477905014047793cbf0075','','402881e7404779050140477e30c30223'), ('402881e7404779050140477e32a7022a','402881e740477905014047793cbf0075','402881e740477905014047794c04010c','402881e7404779050140477e30c30223'), ('402881e7404779050140477e32bc022b','402881e740477905014047793cbf0075','402881e740477905014047793cd80076','402881e7404779050140477e30c30223'), ('402881e7404779050140477e32d3022c','402881e740477905014047793cbf0075','402881e740477905014047794c47010f','402881e7404779050140477e30c30223'), ('402881e7404779050140477e32e9022d','402881e740477905014047793cbf0075','402881e740477905014047795a3f0189','402881e7404779050140477e30c30223'), ('402881e7404779050140477e3300022e','402881e740477905014047793cbf0075','402881e740477905014047794c730111','402881e7404779050140477e30c30223'), ('402881e7404779050140477e3315022f','402881e740477905014047793cbf0075','402881e740477905014047794bd8010a','402881e7404779050140477e30c30223'), ('402881e7404779050140477e332b0230','402881e740477905014047793cbf0075','402881e740477905014047795eda01b6','402881e7404779050140477e30c30223'), ('402881e7404779050140477e33400231','402881e7404779050140477935e90034','','402881e7404779050140477e30c30223'), ('402881e7404779050140477e33580232','402881e7404779050140477935e90034','402881e740477905014047794bba0109','402881e7404779050140477e30c30223'), ('402881e7404779050140477e336d0233','402881e7404779050140477935e90034','402881e7404779050140477935fa0035','402881e7404779050140477e30c30223'), ('402881e7404779050140477e33840234','402881e7404779050140477935e90034','402881e74047790501404779391b0053','402881e7404779050140477e30c30223'), ('402881e7404779050140477e339a0235','402881e7404779050140477935e90034','402881e7404779050140477950a1013a','402881e7404779050140477e30c30223'), ('402881e7404779050140477e33b20236','402881e7404779050140477935e90034','402881e7404779050140477950010133','402881e7404779050140477e30c30223'), ('402881e7404779050140477e33d20237','402881e7404779050140477935e90034','402881e74047790501404779515a0142','402881e7404779050140477e30c30223'), ('402881e7404779050140477e33e90238','402881e7404779050140477931e6000d','','402881e7404779050140477e30c30223'), ('402881e7404779050140477e33fe0239','402881e7404779050140477931e6000d','402881e7404779050140477947c700df','402881e7404779050140477e30c30223'), ('402881e7404779050140477e3416023a','402881e7404779050140477931e6000d','402881e74047790501404779505a0137','402881e7404779050140477e30c30223'), ('402881e7404779050140477e3438023b','402881e7404779050140477931e6000d','402881e740477905014047794e660123','402881e7404779050140477e30c30223'), ('402881e7404779050140477e344d023c','402881e7404779050140477948ad00e9','','402881e7404779050140477e30c30223'), ('402881e7404779050140477e3462023d','402881e7404779050140477948ad00e9','402881e7404779050140477948c400ea','402881e7404779050140477e30c30223'), ('402881e7404779050140477e3479023e','402881e7404779050140477948ad00e9','402881e740477905014047794a3d00fb','402881e7404779050140477e30c30223'), ('402881e7404779050140477e348e023f','402881e7404779050140477948ad00e9','402881e7404779050140477953160156','402881e7404779050140477e30c30223'), ('402881e7404779050140477e34a60240','402881e7404779050140477948ad00e9','402881e7404779050140477952d40153','402881e7404779050140477e30c30223'), ('402881e7404779050140477e34bb0241','402881e7404779050140477948ad00e9','402881e740477905014047795fc101bf','402881e7404779050140477e30c30223'), ('402881e7404779050140477e34d20242','402881e7404779050140477948ad00e9','402881e7404779050140477954380163','402881e7404779050140477e30c30223'), ('402881e7404779050140477e34e70243','402881e7404779050140477939bb0058','','402881e7404779050140477e30c30223'), ('402881e7404779050140477e34ff0244','402881e7404779050140477939bb0058','402881e74047790501404779441500bd','402881e7404779050140477e30c30223'), ('402881e7404779050140477e35130245','402881e7404779050140477939bb0058','402881e74047790501404779448200c2','402881e7404779050140477e30c30223'), ('402881e7404779050140477e352a0246','402881e7404779050140477939bb0058','402881e740477905014047795237014c','402881e7404779050140477e30c30223'), ('402881e7404779050140477e35400247','402881e7404779050140477939bb0058','402881e7404779050140477939d80059','402881e7404779050140477e30c30223'), ('402881e7404779050140477e35560248','402881e74047790501404779314a0007','','402881e7404779050140477e30c30223'), ('402881e7404779050140477e356c0249','402881e74047790501404779314a0007','402881e7404779050140477934a10027','402881e7404779050140477e30c30223'), ('402881e7404779050140477e3584024a','402881e7404779050140477933130018','','402881e7404779050140477e30c30223'), ('402881e7404779050140477e3599024b','402881e7404779050140477933b9001e','','402881e7404779050140477e30c30223'), ('402881e7404779050140477e35b0024c','402881e7404779050140477933b9001e','402881e7404779050140477933e4001f','402881e7404779050140477e30c30223'), ('402881e7404779050140477e35e9024d','402881e7404779050140477933b9001e','402881e7404779050140477936410038','402881e7404779050140477e30c30223'), ('402881e7404779050140477e3609024e','402881e74047790501404779332a0019','','402881e7404779050140477e30c30223'), ('402881e7404779050140477e362a024f','402881e74047790501404779332a0019','402881e74047790501404779647001eb','402881e7404779050140477e30c30223'), ('402881e7404779050140477e363f0250','402881e74047790501404779332a0019','402881e74047790501404779660001fa','402881e7404779050140477e30c30223'), ('402881e7404779050140477e36560251','402881e7404779050140477951860144','','402881e7404779050140477e30c30223'), ('402881e7404779050140477e366a0252','402881e7404779050140477951860144','402881e740477905014047795a2a0188','402881e7404779050140477e30c30223'), ('402881e7404779050140477e36820253','402881e7404779050140477951860144','402881e74047790501404779519c0145','402881e7404779050140477e30c30223'), ('402881e7404779050140477e36970254','402881e740477905014047793eaa008a','','402881e7404779050140477e30c30223'), ('402881e7404779050140477e36af0255','402881e740477905014047793eaa008a','402881e740477905014047793ebc008b','402881e7404779050140477e30c30223'), ('402881e7404779050140477e36c30256','402881e740477905014047793eaa008a','402881e7404779050140477956550178','402881e7404779050140477e30c30223');
INSERT INTO `t_acl_roleuser` VALUES ('402881e74047790501404779607a01c7','402881e7404779050140477940e0009d','402881e740477905014047794b730106'), ('402881e7404779050140478aa17b0260','402881e7404779050140478a804b0257','402881e7404779050140477e30c30223'), ('402881e7404819110140481c044b000a','402881e7404819110140481bdf980000','402881e7404779050140477e30c30223');
INSERT INTO `t_acl_userinfo` VALUES ('402881e7404779050140477940e0009d',NULL,NULL,NULL,NULL,NULL,NULL,NULL,'devadmin',NULL,NULL,NULL,NULL,NULL,NULL,'402881e740477905014047793542002d','402881e740477905014047793542002d',NULL,NULL,'开发管理员','e05b2b33585496f07866dde84e17449f','1','4',NULL,NULL,NULL,NULL,NULL,NULL,NULL,'devadmin',NULL), ('402881e7404779050140478a804b0257',NULL,NULL,NULL,NULL,'430223197805094573',NULL,NULL,'test','18229923839',NULL,NULL,NULL,NULL,NULL,'402881e7404779050140477937c20045',NULL,NULL,NULL,'朱建武','90e3ebf12876065c7ab9e4788a833f85','1','2',NULL,NULL,NULL,'1680',NULL,NULL,NULL,NULL,NULL), ('402881e7404819110140481bdf980000',NULL,NULL,NULL,NULL,'430229678905678',NULL,NULL,'test1','18229923456',NULL,NULL,NULL,NULL,NULL,'402881e7404779050140477937c20045',NULL,NULL,NULL,'ri+dd','90e3ebf12876065c7ab9e4788a833f85','1','2',NULL,NULL,NULL,'12333',NULL,NULL,NULL,NULL,NULL);
INSERT INTO `t_sys_areacoding` VALUES ('402881e740477905014047792e870000','430000','湖南省','1',NULL), ('402881e740477905014047792f6e0001','630000','青海省','1',NULL), ('402881e740477905014047792fd00002','632300','黄南藏族自治州','2','402881e740477905014047792f6e0001'), ('402881e7404779050140477930160003','410000','河南省','1',NULL), ('402881e7404779050140477930730004','410900','濮阳市','2','402881e7404779050140477930160003'), ('402881e7404779050140477931650008','410100','郑州市','2','402881e7404779050140477930160003'), ('402881e7404779050140477931760009','320000','江苏省','1',NULL), ('402881e740477905014047793190000a','320100','南京市','2','402881e7404779050140477931760009'), ('402881e7404779050140477931b5000b','530000','云南省','1',NULL), ('402881e7404779050140477931d3000c','530100','昆明市','2','402881e7404779050140477931b5000b'), ('402881e74047790501404779321e000f','650000','新疆维吾尔自治区','1',NULL), ('402881e7404779050140477932370010','652100','吐鲁番地区','2','402881e74047790501404779321e000f'), ('402881e74047790501404779324a0011','510000','四川省','1',NULL), ('402881e7404779050140477932620012','511800','雅安市','2','402881e74047790501404779324a0011'), ('402881e7404779050140477932b20015','360000','江西省','1',NULL), ('402881e7404779050140477932db0016','360600','鹰潭市','2','402881e7404779050140477932b20015'), ('402881e7404779050140477932f30017','511700','达州市','2','402881e74047790501404779324a0011'), ('402881e740477905014047793399001d','652200','哈密地区','2','402881e74047790501404779321e000f'), ('402881e7404779050140477934000020','652900','阿克苏地区','2','402881e74047790501404779321e000f'), ('402881e7404779050140477934130021','360400','九江市','2','402881e7404779050140477932b20015'), ('402881e74047790501404779342c0022','370000','山东省','1',NULL), ('402881e7404779050140477934490023','371300','临沂市','2','402881e74047790501404779342c0022'), ('402881e7404779050140477934630024','440000','广东省','1',NULL), ('402881e7404779050140477934740025','441500','汕尾市','2','402881e7404779050140477934630024'), ('402881e74047790501404779348f0026','652300','昌吉回族自治州','2','402881e74047790501404779321e000f'), ('402881e7404779050140477934bc0028','433100','湘西土家族苗族自治州','2','402881e740477905014047792e870000'), ('402881e7404779050140477934ce0029','520000','贵州省','1',NULL), ('402881e7404779050140477934e8002a','520200','六盘水市','2','402881e7404779050140477934ce0029'), ('402881e740477905014047793506002b','530900','临沧市','2','402881e7404779050140477931b5000b'), ('402881e74047790501404779351f002c','654000','伊犁哈萨克自治州','2','402881e74047790501404779321e000f'), ('402881e740477905014047793561002e','620000','甘肃省','1',NULL), ('402881e740477905014047793575002f','621000','庆阳市','2','402881e740477905014047793561002e'), ('402881e7404779050140477935900030','370300','淄博市','2','402881e74047790501404779342c0022'), ('402881e7404779050140477935a30031','420000','湖北省','1',NULL), ('402881e7404779050140477935bb0032','420700','鄂州市','2','402881e7404779050140477935a30031'), ('402881e7404779050140477935cf0033','410500','安阳市','2','402881e7404779050140477930160003'), ('402881e7404779050140477936130036','340000','安徽省','1',NULL), ('402881e7404779050140477936250037','341100','滁州市','2','402881e7404779050140477936130036'), ('402881e7404779050140477936530039','520400','安顺市','2','402881e7404779050140477934ce0029'), ('402881e74047790501404779366c003a','350000','福建省','1',NULL), ('402881e740477905014047793689003b','350300','莆田市','2','402881e74047790501404779366c003a'), ('402881e7404779050140477936ee003f','370700','潍坊市','2','402881e74047790501404779342c0022'), ('402881e7404779050140477937360040','350200','厦门市','2','402881e74047790501404779366c003a'), ('402881e74047790501404779377e0043','431100','永州市','2','402881e740477905014047792e870000'), ('402881e7404779050140477937f80047','411500','信阳市','2','402881e7404779050140477930160003'), ('402881e7404779050140477938130048','320800','淮安市','2','402881e7404779050140477931760009'), ('402881e7404779050140477938300049','350700','南平市','2','402881e74047790501404779366c003a'), ('402881e74047790501404779384a004a','652700','博尔塔拉蒙古自治州','2','402881e74047790501404779321e000f'), ('402881e74047790501404779385c004b','320900','盐城市','2','402881e7404779050140477931760009'), ('402881e740477905014047793876004c','621200','陇南市','2','402881e740477905014047793561002e'), ('402881e74047790501404779388c004d','430100','长沙市','2','402881e740477905014047792e870000'), ('402881e7404779050140477938ae004e','450000','广西壮族自治区','1',NULL), ('402881e7404779050140477938d90050','150000','内蒙古自治区','1',NULL), ('402881e7404779050140477938ed0051','150200','包头市','2','402881e7404779050140477938d90050'), ('402881e7404779050140477939060052','150100','呼和浩特市','2','402881e7404779050140477938d90050'), ('402881e7404779050140477939460054','150300','乌海市','2','402881e7404779050140477938d90050'), ('402881e74047790501404779395d0055','150400','赤峰市','2','402881e7404779050140477938d90050'), ('402881e74047790501404779397d0056','230000','黑龙江省','1',NULL), ('402881e7404779050140477939960057','231100','黑河市','2','402881e74047790501404779397d0056'), ('402881e7404779050140477939f8005a','430900','益阳市','2','402881e740477905014047792e870000'), ('402881e740477905014047793a0f005b','230600','大庆市','2','402881e74047790501404779397d0056'), ('402881e740477905014047793a2f005c','230700','伊春市','2','402881e74047790501404779397d0056'), ('402881e740477905014047793a51005d','231200','绥化市','2','402881e74047790501404779397d0056'), ('402881e740477905014047793a93005e','512000','资阳市','2','402881e74047790501404779324a0011'), ('402881e740477905014047793abf005f','150800','巴彦淖尔市','2','402881e7404779050140477938d90050'), ('402881e740477905014047793aeb0061','430500','邵阳市','2','402881e740477905014047792e870000'), ('402881e740477905014047793b070062','360500','新余市','2','402881e7404779050140477932b20015'), ('402881e740477905014047793b190063','522200','铜仁地区','2','402881e7404779050140477934ce0029'), ('402881e740477905014047793b320064','150700','呼伦贝尔市','2','402881e7404779050140477938d90050'), ('402881e740477905014047793b440065','533400','迪庆藏族自治州','2','402881e7404779050140477931b5000b'), ('402881e740477905014047793b950068','150500','通辽市','2','402881e7404779050140477938d90050'), ('402881e740477905014047793ba80069','330000','浙江省','1',NULL), ('402881e740477905014047793bc1006a','330900','舟山市','2','402881e740477905014047793ba80069'), ('402881e740477905014047793bd4006b','150600','鄂尔多斯市','2','402881e7404779050140477938d90050'), ('402881e740477905014047793bef006c','330800','衢州市','2','402881e740477905014047793ba80069'), ('402881e740477905014047793c03006d','533300','怒江傈僳族自治州','2','402881e7404779050140477931b5000b'), ('402881e740477905014047793c1c006e','530800','普洱市','2','402881e7404779050140477931b5000b'), ('402881e740477905014047793c2d006f','441600','河源市','2','402881e7404779050140477934630024'), ('402881e740477905014047793c480070','653000','克孜勒苏柯尔克孜自治州','2','402881e74047790501404779321e000f'), ('402881e740477905014047793c590071','130000','河北省','1',NULL), ('402881e740477905014047793c740072','131000','廊坊市','2','402881e740477905014047793c590071'), ('402881e740477905014047793c860073','220000','吉林省','1',NULL), ('402881e740477905014047793c9f0074','220200','吉林市','2','402881e740477905014047793c860073'), ('402881e740477905014047793cea0077','370200','青岛市','2','402881e74047790501404779342c0022'), ('402881e740477905014047793d040078','653100','喀什地区','2','402881e74047790501404779321e000f'), ('402881e740477905014047793d31007a','220300','四平市','2','402881e740477905014047793c860073'), ('402881e740477905014047793d43007b','140000','山西省','1',NULL), ('402881e740477905014047793d5d007c','141000','临汾市','2','402881e740477905014047793d43007b'), ('402881e740477905014047793d70007d','520100','贵阳市','2','402881e7404779050140477934ce0029'), ('402881e740477905014047793d89007e','445100','潮州市','2','402881e7404779050140477934630024'), ('402881e740477905014047793d9c007f','131100','衡水市','2','402881e740477905014047793c590071'), ('402881e740477905014047793dd60081','445300','云浮市','2','402881e7404779050140477934630024'), ('402881e740477905014047793e010083','340200','芜湖市','2','402881e7404779050140477936130036'), ('402881e740477905014047793e1a0084','441400','梅州市','2','402881e7404779050140477934630024'), ('402881e740477905014047793e2c0085','340300','蚌埠市','2','402881e7404779050140477936130036'), ('402881e740477905014047793e480086','370400','枣庄市','2','402881e74047790501404779342c0022'), ('402881e740477905014047793e650087','340600','淮北市','2','402881e7404779050140477936130036'), ('402881e740477905014047793e7d0088','340700','铜陵市','2','402881e7404779050140477936130036'), ('402881e740477905014047793e900089','370800','济宁市','2','402881e74047790501404779342c0022'), ('402881e740477905014047793ed6008c','350600','漳州市','2','402881e74047790501404779366c003a');
INSERT INTO `t_sys_areacoding` VALUES ('402881e740477905014047793eea008d','620300','金昌市','2','402881e740477905014047793561002e'), ('402881e740477905014047793f03008e','130400','邯郸市','2','402881e740477905014047793c590071'), ('402881e740477905014047793f16008f','350800','龙岩市','2','402881e74047790501404779366c003a'), ('402881e740477905014047793f310090','540000','西藏自治区','1',NULL), ('402881e740477905014047793f720092','370600','烟台市','2','402881e74047790501404779342c0022'), ('402881e740477905014047793f850093','422800','恩施土家族苗族自治州','2','402881e7404779050140477935a30031'), ('402881e740477905014047793f9f0094','520300','遵义市','2','402881e7404779050140477934ce0029'), ('402881e740477905014047793fd50095','140200','大同市','2','402881e740477905014047793d43007b'), ('402881e74047790501404779400c0096','110000','北京市','1',NULL), ('402881e7404779050140477940660099','640000','宁夏回族自治区','1',NULL), ('402881e740477905014047794084009a','640400','固原市','2','402881e7404779050140477940660099'), ('402881e74047790501404779409d009b','640500','中卫市','2','402881e7404779050140477940660099'), ('402881e7404779050140477940bb009c','430800','张家界市','2','402881e740477905014047792e870000'), ('402881e74047790501404779416f00a2','522300','黔西南布依族苗族自治州','2','402881e7404779050140477934ce0029'), ('402881e7404779050140477941be00a5','430600','岳阳市','2','402881e740477905014047792e870000'), ('402881e7404779050140477941f600a7','511500','宜宾市','2','402881e74047790501404779324a0011'), ('402881e74047790501404779425600aa','511600','广安市','2','402881e74047790501404779324a0011'), ('402881e74047790501404779428300ac','640300','吴忠市','2','402881e7404779050140477940660099'), ('402881e74047790501404779429a00ad','421100','黄冈市','2','402881e7404779050140477935a30031'), ('402881e7404779050140477942b000ae','410200','开封市','2','402881e7404779050140477930160003'), ('402881e7404779050140477942c700af','511900','巴中市','2','402881e74047790501404779324a0011'), ('402881e7404779050140477942e700b0','320300','徐州市','2','402881e7404779050140477931760009'), ('402881e7404779050140477942ff00b1','610000','陕西省','1',NULL), ('402881e74047790501404779432000b2','610800','榆林市','2','402881e7404779050140477942ff00b1'), ('402881e74047790501404779433a00b3','320200','无锡市','2','402881e7404779050140477931760009'), ('402881e74047790501404779434c00b4','530300','曲靖市','2','402881e7404779050140477931b5000b'), ('402881e74047790501404779436300b5','640200','石嘴山市','2','402881e7404779050140477940660099'), ('402881e74047790501404779437700b6','152500','锡林郭勒盟','2','402881e7404779050140477938d90050'), ('402881e74047790501404779438f00b7','610900','安康市','2','402881e7404779050140477942ff00b1'), ('402881e7404779050140477943a400b8','610700','汉中市','2','402881e7404779050140477942ff00b1'), ('402881e7404779050140477943bb00b9','451100','贺州市','2','402881e7404779050140477938ae004e'), ('402881e7404779050140477943d100ba','630100','西宁市','2','402881e740477905014047792f6e0001'), ('402881e7404779050140477943fc00bc','140100','太原市','2','402881e740477905014047793d43007b'), ('402881e74047790501404779444100bf','350900','宁德市','2','402881e74047790501404779366c003a'), ('402881e74047790501404779446e00c1','330100','杭州市','2','402881e740477905014047793ba80069'), ('402881e74047790501404779449a00c3','410300','洛阳市','2','402881e7404779050140477930160003'), ('402881e7404779050140477944ae00c4','540100','拉萨市','2','402881e740477905014047793f310090'), ('402881e7404779050140477944c700c5','431300','娄底市','2','402881e740477905014047792e870000'), ('402881e7404779050140477944e600c6','450800','贵港市','2','402881e7404779050140477938ae004e'), ('402881e74047790501404779451a00c7','440300','深圳市','2','402881e7404779050140477934630024'), ('402881e74047790501404779454e00c8','370500','东营市','2','402881e74047790501404779342c0022'), ('402881e74047790501404779456f00c9','140900','忻州市','2','402881e740477905014047793d43007b'), ('402881e7404779050140477945b100ca','350100','福州市','2','402881e74047790501404779366c003a'), ('402881e7404779050140477945f300cb','320700','连云港市','2','402881e7404779050140477931760009'), ('402881e74047790501404779460700cc','654200','塔城地区','2','402881e74047790501404779321e000f'), ('402881e74047790501404779462100cd','511100','乐山市','2','402881e74047790501404779324a0011'), ('402881e74047790501404779463e00ce','140800','运城市','2','402881e740477905014047793d43007b'), ('402881e74047790501404779465800cf','450600','防城港市','2','402881e7404779050140477938ae004e'), ('402881e74047790501404779468300d1','411700','驻马店市','2','402881e7404779050140477930160003'), ('402881e74047790501404779469700d2','140700','晋中市','2','402881e740477905014047793d43007b'), ('402881e7404779050140477946b000d3','511000','内江市','2','402881e74047790501404779324a0011'), ('402881e7404779050140477946dd00d5','321300','宿迁市','2','402881e7404779050140477931760009'), ('402881e74047790501404779471400d7','320600','南通市','2','402881e7404779050140477931760009'), ('402881e74047790501404779472700d8','530700','丽江市','2','402881e7404779050140477931b5000b'), ('402881e74047790501404779476c00db','510100','成都市','2','402881e74047790501404779324a0011'), ('402881e74047790501404779478100dc','430700','常德市','2','402881e740477905014047792e870000'), ('402881e74047790501404779479900dd','321100','镇江市','2','402881e7404779050140477931760009'), ('402881e7404779050140477947ac00de','810000','香港特别行政区','1',NULL), ('402881e7404779050140477947e700e0','421200','咸宁市','2','402881e7404779050140477935a30031'), ('402881e7404779050140477947fe00e1','421000','荆州市','2','402881e7404779050140477935a30031'), ('402881e74047790501404779481300e2','650200','克拉玛依市','2','402881e74047790501404779321e000f'), ('402881e74047790501404779483f00e4','542200','山南地区','2','402881e740477905014047793f310090'), ('402881e74047790501404779485300e5','621100','定西市','2','402881e740477905014047793561002e'), ('402881e74047790501404779486b00e6','431200','怀化市','2','402881e740477905014047792e870000'), ('402881e74047790501404779488100e7','640100','银川市','2','402881e7404779050140477940660099'), ('402881e74047790501404779489700e8','410400','平顶山市','2','402881e7404779050140477930160003'), ('402881e7404779050140477948d900eb','411400','商丘市','2','402881e7404779050140477930160003'), ('402881e7404779050140477948f000ec','431000','郴州市','2','402881e740477905014047792e870000'), ('402881e74047790501404779490500ed','542100','昌都地区','2','402881e740477905014047793f310090'), ('402881e74047790501404779491d00ee','210000','辽宁省','1',NULL), ('402881e74047790501404779493200ef','210300','鞍山市','2','402881e74047790501404779491d00ee'), ('402881e74047790501404779494900f0','340500','马鞍山市','2','402881e7404779050140477936130036'), ('402881e74047790501404779495e00f1','340400','淮南市','2','402881e7404779050140477936130036'), ('402881e7404779050140477949a400f4','210200','大连市','2','402881e74047790501404779491d00ee'), ('402881e7404779050140477949b700f5','341000','黄山市','2','402881e7404779050140477936130036'), ('402881e7404779050140477949ce00f6','623000','甘南藏族自治州','2','402881e740477905014047793561002e'), ('402881e7404779050140477949e400f7','411600','周口市','2','402881e7404779050140477930160003'), ('402881e7404779050140477949fb00f8','321200','泰州市','2','402881e7404779050140477931760009'), ('402881e740477905014047794a1100f9','411200','三门峡市','2','402881e7404779050140477930160003'), ('402881e740477905014047794a2700fa','511400','眉山市','2','402881e74047790501404779324a0011'), ('402881e740477905014047794a8a00fc','542300','日喀则地区','2','402881e740477905014047793f310090'), ('402881e740477905014047794ab600fe','450700','钦州市','2','402881e7404779050140477938ae004e'), ('402881e740477905014047794ad000ff','320400','常州市','2','402881e7404779050140477931760009'), ('402881e740477905014047794afc0101','513300','甘孜藏族自治州','2','402881e74047790501404779324a0011'), ('402881e740477905014047794b0f0102','220800','白城市','2','402881e740477905014047793c860073'), ('402881e740477905014047794b290103','320500','苏州市','2','402881e7404779050140477931760009'), ('402881e740477905014047794b3f0104','511300','南充市','2','402881e74047790501404779324a0011'), ('402881e740477905014047794b580105','450300','桂林市','2','402881e7404779050140477938ae004e'), ('402881e740477905014047794b9f0108','411100','漯河市','2','402881e7404779050140477930160003'), ('402881e740477905014047794c31010e','451300','来宾市','2','402881e7404779050140477938ae004e'), ('402881e740477905014047794c9f0113','411000','许昌市','2','402881e7404779050140477930160003'), ('402881e740477905014047794cb70114','440500','汕头市','2','402881e7404779050140477934630024'), ('402881e740477905014047794ccb0115','440900','茂名市','2','402881e7404779050140477934630024'), ('402881e740477905014047794d030117','632800','海西蒙古族藏族自治州','2','402881e740477905014047792f6e0001'), ('402881e740477905014047794e1d0120','310000','上海市','1',NULL), ('402881e740477905014047794e3b0121','340100','合肥市','2','402881e7404779050140477936130036'), ('402881e740477905014047794e520122','141100','吕梁市','2','402881e740477905014047793d43007b'), ('402881e740477905014047794e930125','341800','宣城市','2','402881e7404779050140477936130036'), ('402881e740477905014047794eab0126','510800','广元市','2','402881e74047790501404779324a0011'), ('402881e740477905014047794ed70128','220400','辽源市','2','402881e740477905014047793c860073');
INSERT INTO `t_sys_areacoding` VALUES ('402881e740477905014047794f03012a','341600','亳州市','2','402881e7404779050140477936130036'), ('402881e740477905014047794f17012b','220500','通化市','2','402881e740477905014047793c860073'), ('402881e740477905014047794f50012d','441900','东莞市','2','402881e7404779050140477934630024'), ('402881e740477905014047794f7d012f','152200','兴安盟','2','402881e7404779050140477938d90050'), ('402881e740477905014047794f940130','420300','十堰市','2','402881e7404779050140477935a30031'), ('402881e740477905014047794fd70131','440100','广州市','2','402881e7404779050140477934630024'), ('402881e740477905014047794fee0132','622900','临夏回族自治州','2','402881e740477905014047793561002e'), ('402881e74047790501404779501a0134','330700','金华市','2','402881e740477905014047793ba80069'), ('402881e7404779050140477950450136','530500','保山市','2','402881e7404779050140477931b5000b'), ('402881e74047790501404779512d0140','360900','宜春市','2','402881e7404779050140477932b20015'), ('402881e7404779050140477951cb0147','421300','随州市','2','402881e7404779050140477935a30031'), ('402881e74047790501404779520b014a','330200','宁波市','2','402881e740477905014047793ba80069'), ('402881e740477905014047795222014b','510700','绵阳市','2','402881e74047790501404779324a0011'), ('402881e7404779050140477952bd0152','510300','自贡市','2','402881e74047790501404779324a0011'), ('402881e7404779050140477953010155','330300','温州市','2','402881e740477905014047793ba80069'), ('402881e74047790501404779536f015a','440600','佛山市','2','402881e7404779050140477934630024'), ('402881e740477905014047795385015b','451200','河池市','2','402881e7404779050140477938ae004e'), ('402881e74047790501404779539b015c','654300','阿勒泰地区','2','402881e74047790501404779321e000f'), ('402881e7404779050140477953b2015d','450200','柳州市','2','402881e7404779050140477938ae004e'), ('402881e7404779050140477953c7015e','450400','梧州市','2','402881e7404779050140477938ae004e'), ('402881e7404779050140477953de015f','451400','崇左市','2','402881e7404779050140477938ae004e'), ('402881e7404779050140477953f50160','450900','玉林市','2','402881e7404779050140477938ae004e'), ('402881e74047790501404779540d0161','440400','珠海市','2','402881e7404779050140477934630024'), ('402881e7404779050140477954230162','611000','商洛市','2','402881e7404779050140477942ff00b1'), ('402881e74047790501404779544d0164','820000','澳门特别行政区','1',NULL), ('402881e7404779050140477954630165','440800','湛江市','2','402881e7404779050140477934630024'), ('402881e74047790501404779547a0166','341700','池州市','2','402881e7404779050140477936130036'), ('402881e7404779050140477954910167','210100','沈阳市','2','402881e74047790501404779491d00ee'), ('402881e7404779050140477954a60168','429021','神农架林区','2','402881e7404779050140477935a30031'), ('402881e7404779050140477954bd0169','441800','清远市','2','402881e7404779050140477934630024'), ('402881e7404779050140477954ec016b','510900','遂宁市','2','402881e74047790501404779324a0011'), ('402881e74047790501404779552b016c','360800','吉安市','2','402881e7404779050140477932b20015'), ('402881e740477905014047795542016d','522700','黔南布依族苗族自治州','2','402881e7404779050140477934ce0029'), ('402881e74047790501404779555a016e','210900','阜新市','2','402881e74047790501404779491d00ee'), ('402881e7404779050140477955840170','610500','渭南市','2','402881e7404779050140477942ff00b1'), ('402881e74047790501404779559b0171','451000','百色市','2','402881e7404779050140477938ae004e'), ('402881e7404779050140477955b20172','210800','营口市','2','402881e74047790501404779491d00ee'), ('402881e7404779050140477955c90173','522600','黔东南苗族侗族自治州','2','402881e7404779050140477934ce0029'), ('402881e7404779050140477955f70174','530600','昭通市','2','402881e7404779050140477931b5000b'), ('402881e74047790501404779560a0175','530400','玉溪市','2','402881e7404779050140477931b5000b'), ('402881e74047790501404779567b0179','440200','韶关市','2','402881e7404779050140477934630024'), ('402881e7404779050140477956b0017a','442000','中山市','2','402881e7404779050140477934630024'), ('402881e74047790501404779571a017b','441200','肇庆市','2','402881e7404779050140477934630024'), ('402881e74047790501404779595a0181','230300','鸡西市','2','402881e74047790501404779397d0056'), ('402881e7404779050140477959760182','522400','毕节地区','2','402881e7404779050140477934ce0029'), ('402881e7404779050140477959af0184','230200','齐齐哈尔市','2','402881e74047790501404779397d0056'), ('402881e7404779050140477959d60185','210400','抚顺市','2','402881e74047790501404779491d00ee'), ('402881e7404779050140477959f00186','360100','南昌市','2','402881e7404779050140477932b20015'), ('402881e740477905014047795a0a0187','210500','本溪市','2','402881e74047790501404779491d00ee'), ('402881e740477905014047795a6b018a','610400','咸阳市','2','402881e7404779050140477942ff00b1'), ('402881e740477905014047795a81018b','130700','张家口市','2','402881e740477905014047793c590071'), ('402881e740477905014047795a97018c','211300','朝阳市','2','402881e74047790501404779491d00ee'), ('402881e740477905014047795aad018d','140300','阳泉市','2','402881e740477905014047793d43007b'), ('402881e740477905014047795ac4018e','450500','北海市','2','402881e7404779050140477938ae004e'), ('402881e740477905014047795ada018f','211000','辽阳市','2','402881e74047790501404779491d00ee'), ('402881e740477905014047795af10190','430200','株洲市','2','402881e740477905014047792e870000'), ('402881e740477905014047795b060191','140400','长治市','2','402881e740477905014047793d43007b'), ('402881e740477905014047795b1c0192','211400','葫芦岛市','2','402881e74047790501404779491d00ee'), ('402881e740477905014047795b360193','130800','承德市','2','402881e740477905014047793c590071'), ('402881e740477905014047795b4a0194','610300','宝鸡市','2','402881e7404779050140477942ff00b1'), ('402881e740477905014047795b770196','211200','铁岭市','2','402881e74047790501404779491d00ee'), ('402881e740477905014047795bff0197','620200','嘉峪关市','2','402881e740477905014047793561002e'), ('402881e740477905014047795c280198','350400','三明市','2','402881e74047790501404779366c003a'), ('402881e740477905014047795c3e0199','130200','唐山市','2','402881e740477905014047793c590071'), ('402881e740477905014047795c55019a','140500','晋城市','2','402881e740477905014047793d43007b'), ('402881e740477905014047795c81019c','130500','邢台市','2','402881e740477905014047793c590071'), ('402881e740477905014047795c97019d','440700','江门市','2','402881e7404779050140477934630024'), ('402881e740477905014047795cce019f','370900','泰安市','2','402881e74047790501404779342c0022'), ('402881e740477905014047795ce501a0','610100','西安市','2','402881e7404779050140477942ff00b1'), ('402881e740477905014047795cf901a1','130600','保定市','2','402881e740477905014047793c590071'), ('402881e740477905014047795d1401a2','340800','安庆市','2','402881e7404779050140477936130036'), ('402881e740477905014047795d3101a3','610200','铜川市','2','402881e7404779050140477942ff00b1'), ('402881e740477905014047795d4a01a4','430400','衡阳市','2','402881e740477905014047792e870000'), ('402881e740477905014047795d5e01a5','620100','兰州市','2','402881e740477905014047793561002e'), ('402881e740477905014047795d7701a6','632600','果洛藏族自治州','2','402881e740477905014047792f6e0001'), ('402881e740477905014047795d8f01a7','350500','泉州市','2','402881e74047790501404779366c003a'), ('402881e740477905014047795da301a8','140600','朔州市','2','402881e740477905014047793d43007b'), ('402881e740477905014047795db701a9','211100','盘锦市','2','402881e74047790501404779491d00ee'), ('402881e740477905014047795dcf01aa','420800','荆门市','2','402881e7404779050140477935a30031'), ('402881e740477905014047795de301ab','410700','新乡市','2','402881e7404779050140477930160003'), ('402881e740477905014047795dfa01ac','371000','威海市','2','402881e74047790501404779342c0022'), ('402881e740477905014047795e0f01ad','445200','揭阳市','2','402881e7404779050140477934630024'), ('402881e740477905014047795e2601ae','130900','沧州市','2','402881e740477905014047793c590071'), ('402881e740477905014047795e3b01af','370100','济南市','2','402881e74047790501404779342c0022'), ('402881e740477905014047795e5501b0','653200','和田地区','2','402881e74047790501404779321e000f'), ('402881e740477905014047795e6801b1','450100','南宁市','2','402881e7404779050140477938ae004e'), ('402881e740477905014047795e7f01b2','220700','松原市','2','402881e740477905014047793c860073'), ('402881e740477905014047795e9401b3','420100','武汉市','2','402881e7404779050140477935a30031'), ('402881e740477905014047795eac01b4','371200','莱芜市','2','402881e74047790501404779342c0022'), ('402881e740477905014047795ec301b5','441700','阳江市','2','402881e7404779050140477934630024'), ('402881e740477905014047795eef01b7','220600','白山市','2','402881e740477905014047793c860073'), ('402881e740477905014047795f0501b8','710000','台湾省','1',NULL), ('402881e740477905014047795f1b01b9','330500','湖州市','2','402881e740477905014047793ba80069'), ('402881e740477905014047795f3701ba','330400','嘉兴市','2','402881e740477905014047793ba80069'), ('402881e740477905014047795f5301bb','331100','丽水市','2','402881e740477905014047793ba80069'), ('402881e740477905014047795f6901bc','341300','宿州市','2','402881e7404779050140477936130036'), ('402881e740477905014047795fac01be','152900','阿拉善盟','2','402881e7404779050140477938d90050'), ('402881e740477905014047795fd801c0','360700','赣州市','2','402881e7404779050140477932b20015'), ('402881e740477905014047795fed01c1','620900','酒泉市','2','402881e740477905014047793561002e'), ('402881e74047790501404779600601c2','620800','平凉市','2','402881e740477905014047793561002e');
INSERT INTO `t_sys_areacoding` VALUES ('402881e74047790501404779601901c3','460000','海南省','1',NULL), ('402881e74047790501404779603101c4','460200','三亚市','2','402881e74047790501404779601901c3'), ('402881e74047790501404779604601c5','230800','佳木斯市','2','402881e74047790501404779397d0056'), ('402881e74047790501404779605d01c6','620500','天水市','2','402881e740477905014047793561002e'), ('402881e74047790501404779609501c8','441300','惠州市','2','402881e7404779050140477934630024'), ('402881e7404779050140477960aa01c9','620400','白银市','2','402881e740477905014047793561002e'), ('402881e7404779050140477960e301cb','420500','宜昌市','2','402881e7404779050140477935a30031'), ('402881e7404779050140477960f901cc','321000','扬州市','2','402881e7404779050140477931760009'), ('402881e74047790501404779612601ce','632100','海东地区','2','402881e740477905014047792f6e0001'), ('402881e74047790501404779615201d0','620600','武威市','2','402881e740477905014047793561002e'), ('402881e74047790501404779616701d1','361000','抚州市','2','402881e7404779050140477932b20015'), ('402881e74047790501404779617f01d2','150900','乌兰察布市','2','402881e7404779050140477938d90050'), ('402881e7404779050140477961b801d3','620700','张掖市','2','402881e740477905014047793561002e'), ('402881e74047790501404779627201d5','429006','天门市','2','402881e7404779050140477935a30031'), ('402881e74047790501404779629501d6','429005','潜江市','2','402881e7404779050140477935a30031'), ('402881e7404779050140477962a901d7','510500','泸州市','2','402881e74047790501404779324a0011'), ('402881e7404779050140477962c101d8','429004','仙桃市','2','402881e7404779050140477935a30031'), ('402881e7404779050140477962d501d9','430300','湘潭市','2','402881e740477905014047792e870000'), ('402881e7404779050140477962f001da','632500','海南藏族自治州','2','402881e740477905014047792f6e0001'), ('402881e74047790501404779635b01df','652800','巴音郭楞蒙古自治州','2','402881e74047790501404779321e000f'), ('402881e74047790501404779638901e1','130100','石家庄市','2','402881e740477905014047793c590071'), ('402881e7404779050140477963bd01e3','542600','林芝地区','2','402881e740477905014047793f310090'), ('402881e74047790501404779641801e7','542400','那曲地区','2','402881e740477905014047793f310090'), ('402881e74047790501404779643101e8','130300','秦皇岛市','2','402881e740477905014047793c590071'), ('402881e74047790501404779644401e9','513200','阿坝藏族羌族自治州','2','402881e74047790501404779324a0011'), ('402881e74047790501404779645b01ea','632700','玉树藏族自治州','2','402881e740477905014047792f6e0001'), ('402881e74047790501404779648701ec','542500','阿里地区','2','402881e740477905014047793f310090'), ('402881e74047790501404779649d01ed','231000','牡丹江市','2','402881e74047790501404779397d0056'), ('402881e7404779050140477964b401ee','410600','鹤壁市','2','402881e7404779050140477930160003'), ('402881e7404779050140477964c901ef','371700','菏泽市','2','402881e74047790501404779342c0022'), ('402881e74047790501404779655101f2','420900','孝感市','2','402881e7404779050140477935a30031'), ('402881e7404779050140477965a701f6','331000','台州市','2','402881e740477905014047793ba80069'), ('402881e7404779050140477965eb01f9','371600','滨州市','2','402881e74047790501404779342c0022'), ('402881e74047790501404779662d01fc','341500','六安市','2','402881e7404779050140477936130036'), ('402881e74047790501404779665901fe','371500','聊城市','2','402881e74047790501404779342c0022'), ('402881e74047790501404779667001ff','371400','德州市','2','402881e74047790501404779342c0022'), ('402881e7404779050140477966850200','513400','凉山彝族自治州','2','402881e74047790501404779324a0011'), ('402881e74047790501404779669f0201','371100','日照市','2','402881e74047790501404779342c0022'), ('402881e7404779050140477966b50202','410800','焦作市','2','402881e7404779050140477930160003'), ('402881e7404779050140477966c90203','120000','天津市','1',NULL), ('402881e7404779050140477966de0204','210700','锦州市','2','402881e74047790501404779491d00ee'), ('402881e7404779050140477966f50205','360300','萍乡市','2','402881e7404779050140477932b20015'), ('402881e74047790501404779670c0206','532500','红河哈尼族彝族自治州','2','402881e7404779050140477931b5000b'), ('402881e7404779050140477967240207','360200','景德镇市','2','402881e7404779050140477932b20015'), ('402881e7404779050140477967390208','341400','巢湖市','2','402881e7404779050140477936130036'), ('402881e74047790501404779674f0209','210600','丹东市','2','402881e74047790501404779491d00ee'), ('402881e740477905014047796764020a','341200','阜阳市','2','402881e7404779050140477936130036'), ('402881e74047790501404779677a020b','230100','哈尔滨市','2','402881e74047790501404779397d0056'), ('402881e740477905014047796790020c','533100','德宏傣族景颇族自治州','2','402881e7404779050140477931b5000b'), ('402881e7404779050140477967a7020d','650100','乌鲁木齐市','2','402881e74047790501404779321e000f'), ('402881e7404779050140477967bc020e','420200','黄石市','2','402881e7404779050140477935a30031'), ('402881e7404779050140477968000211','230400','鹤岗市','2','402881e74047790501404779397d0056'), ('402881e74047790501404779682d0213','510600','德阳市','2','402881e74047790501404779324a0011'), ('402881e7404779050140477968420214','500000','重庆市','1',NULL), ('402881e7404779050140477968590215','220100','长春市','2','402881e740477905014047793c860073'), ('402881e74047790501404779686e0216','532300','楚雄彝族自治州','2','402881e7404779050140477931b5000b'), ('402881e74047790501404779689b0218','420600','襄樊市','2','402881e7404779050140477935a30031'), ('402881e7404779050140477968ff021c','230500','双鸭山市','2','402881e74047790501404779397d0056'), ('402881e740477905014047796916021d','632200','海北藏族自治州','2','402881e740477905014047792f6e0001'), ('402881e74047790501404779692b021e','532900','大理白族自治州','2','402881e7404779050140477931b5000b'), ('402881e740477905014047796942021f','510400','攀枝花市','2','402881e74047790501404779324a0011'), ('402881e7404779050140477969580220','532800','西双版纳傣族自治州','2','402881e7404779050140477931b5000b'), ('402881e7404779050140477969710221','460100','海口市','2','402881e74047790501404779601901c3'), ('402881e7404779050140477969850222','230900','七台河市','2','402881e74047790501404779397d0056');
INSERT INTO `t_sys_dataprivilege` VALUES ('402881e74047f1db014047f317e60002','402881e7404779050140478a804b0257','402881e7404779050140477937c20045'), ('402881e74047f1db014047f317fa0003','402881e7404779050140478a804b0257','402881e7404779050140477937e70046'), ('402881e74047f1db014047f318110004','402881e7404779050140478a804b0257','402881e7404779050140477937620042'), ('402881e74047f1db014047f318280005','402881e7404779050140478a804b0257','402881e7404779050140477937990044'), ('402881e74047f1db014047f318400006','402881e7404779050140478a804b0257','402881e740477905014047793542002d'), ('402881e7404819110140481be2bc0002','402881e7404819110140481bdf980000','402881e7404779050140477937c20045'), ('402881e7404819110140481be37c0003','402881e7404819110140481bdf980000','402881e7404779050140477937e70046'), ('402881e7404819110140481be3ed0004','402881e7404819110140481bdf980000','402881e7404779050140477937620042'), ('402881e7404819110140481be4860005','402881e7404819110140481bdf980000','402881e740477905014047793542002d');
INSERT INTO `t_sys_duty` VALUES ('402881e740477905014047793f510091','集团主席秘书','集团主席秘书',NULL,NULL,NULL), ('402881e74047790501404779404d0098','集团总经理','集团总经理',NULL,NULL,NULL), ('402881e74047790501404779482800e3','集团主席','集团主席',NULL,NULL,NULL), ('402881e74047790501404779556f016f','集团行政总监','集团行政总监',NULL,NULL,NULL), ('402881e7404779050140477959210180','集团业务总监','集团业务总监',NULL,NULL,NULL), ('402881e74047790501404779610e01cd','集团财务总监','集团财务总监',NULL,NULL,NULL), ('402881e7404779050140477967d3020f','集团信息总监','集团信息总监',NULL,NULL,NULL);
INSERT INTO `t_sys_flat` VALUES ('402881e7404779050140477930e90005','SSO',NULL,'http://localhost:9081/sso','基础平台','1','统一用户管理系统'), ('402881e7404779050140477938c2004f','CMS',NULL,'http://localhost:9081/client','客戶关系','6','客戶关系子系统'), ('402881e740477905014047793d190079','purchase',NULL,'http://localhost:9081/purchase','采购','2','采购子系统'), ('402881e7404779050140477941a700a4','OA',NULL,'http://localhost:9081/oa',NULL,'7','办公自动化'), ('402881e7404779050140477946c500d4','finance',NULL,'http://localhost:9081/finance','财务','5','财务子系统'), ('402881e740477905014047795c6b019b','stock',NULL,'http://localhost:9081/stock','库存','4','库存子系统'), ('402881e740477905014047795cb3019e','sales',NULL,'http://localhost:9081/sales','销售','3','销售子系统');
INSERT INTO `t_sys_moduleinfo` VALUES ('402881e7404779050140477931280006','402881e7404779050140477930e90005',NULL,'2',NULL,'icon-sys','系统管理','',NULL,'1',NULL,NULL,NULL), ('402881e74047790501404779314a0007','402881e7404779050140477930e90005','fileUploadController.do?method=forward','2',NULL,'icon-file','文件管理','SYS_FILE','402881e7404779050140477931280006','24',NULL,NULL,NULL), ('402881e7404779050140477931e6000d','402881e7404779050140477930e90005','tsysFlatController.do?method=list','2',NULL,'icon-flats','子系统定义','SYS_FLATINFO','402881e7404779050140477931280006','21',NULL,NULL,NULL), ('402881e7404779050140477933130018','402881e7404779050140477930e90005',NULL,'2',NULL,'icon-sys','日志管理','','402881e7404779050140477931280006','4',NULL,NULL,NULL), ('402881e74047790501404779332a0019','402881e7404779050140477930e90005','tlogDbsqlController.do?method=list','3',NULL,'icon-log','审计日志','LOG_DBSQL','402881e7404779050140477933130018','42',NULL,NULL,NULL), ('402881e74047790501404779334a001a','402881e7404779050140477930e90005',NULL,'1',NULL,'icon-sys','模块管理','',NULL,'3',NULL,NULL,NULL), ('402881e740477905014047793362001b','402881e7404779050140477930e90005','tsysModuleinfoController.do?method=list','2',NULL,'icon-set','模块定义','SYS_MODULE','402881e74047790501404779334a001a','31',NULL,NULL,NULL), ('402881e7404779050140477933b9001e','402881e7404779050140477930e90005','tlogBusinesslogController.do?method=list','3',NULL,'icon-database','业务日志','LOG_BUSINESSLOG','402881e7404779050140477933130018','41',NULL,NULL,NULL), ('402881e7404779050140477935e90034','402881e7404779050140477930e90005','taclRoleController.do?method=list','3',NULL,'icon-role','角色管理','ACL_ROLE','402881e7404779050140477931280006','14',NULL,NULL,NULL), ('402881e7404779050140477939bb0058','402881e7404779050140477930e90005','tsysParameterController.do?method=list','2',NULL,'icon-para','字典管理','SYS_PARAMTEINFO','402881e7404779050140477931280006','23',NULL,NULL,NULL), ('402881e740477905014047793cbf0075','402881e7404779050140477930e90005','taclUserinfoController.do?method=getTree','3',NULL,'icon-users','用户管理','ACL_USER','402881e7404779050140477931280006','13',NULL,NULL,NULL), ('402881e740477905014047793eaa008a','402881e7404779050140477930e90005','tlogLoginlogController.do?method=list','3',NULL,'icon-users','登录日志','LOG_LOGIN','402881e7404779050140477933130018','44',NULL,NULL,NULL), ('402881e7404779050140477940280097','402881e7404779050140477930e90005','tsysModuleoperateController.do?method=getTree','2',NULL,'icon-sys','模块操作','SYS_OPERATEINFO','402881e74047790501404779334a001a','32',NULL,NULL,NULL), ('402881e74047790501404779474000d9','402881e7404779050140477930e90005','tsysOrgController.do?method=list','3',NULL,'icon-org','机构管理','SYS_ORG','402881e7404779050140477931280006','11',NULL,NULL,NULL), ('402881e7404779050140477948ad00e9','402881e7404779050140477930e90005','tsysDutyController.do?method=list','2',NULL,'icon-job','岗位管理','SYS_DUTY','402881e7404779050140477931280006','22',NULL,NULL,NULL), ('402881e7404779050140477951860144','402881e7404779050140477930e90005','tlogSysexceptionController.do?method=list','3',NULL,'icon-users','异常日志','LOG_SYSEXCEPTION','402881e7404779050140477933130018','43',NULL,NULL,NULL);
INSERT INTO `t_sys_moduleoperate` VALUES ('402881e740477905014047793385001c','402881e740477905014047793362001b',NULL,'查询','QUERY'), ('402881e7404779050140477933e4001f','402881e7404779050140477933b9001e',NULL,'查询','QUERY'), ('402881e7404779050140477934a10027','402881e74047790501404779314a0007',NULL,'文件上传','UPLOAD '), ('402881e7404779050140477935fa0035','402881e7404779050140477935e90034',NULL,'分配用户','AUTHORIZATION'), ('402881e7404779050140477936410038','402881e7404779050140477933b9001e',NULL,'删除','DELETE'), ('402881e74047790501404779391b0053','402881e7404779050140477935e90034',NULL,'取消分配','CANCEL'), ('402881e7404779050140477939d80059','402881e7404779050140477939bb0058',NULL,'查询','QUERY'), ('402881e740477905014047793ad80060','402881e740477905014047793362001b',NULL,'删除','DELETE'), ('402881e740477905014047793cd80076','402881e740477905014047793cbf0075',NULL,'新增用户','ADD'), ('402881e740477905014047793ebc008b','402881e740477905014047793eaa008a',NULL,'删除','DELETE'), ('402881e7404779050140477943e900bb','402881e7404779050140477940280097',NULL,'查询','QUERY'), ('402881e74047790501404779441500bd','402881e7404779050140477939bb0058',NULL,'新增','ADD'), ('402881e74047790501404779448200c2','402881e7404779050140477939bb0058',NULL,'修改','EDIT'), ('402881e74047790501404779475500da','402881e74047790501404779474000d9',NULL,'删除','DELETE'), ('402881e7404779050140477947c700df','402881e7404779050140477931e6000d',NULL,'删除','DELETE'), ('402881e7404779050140477948c400ea','402881e7404779050140477948ad00e9',NULL,'查询','QUERY'), ('402881e740477905014047794a3d00fb','402881e7404779050140477948ad00e9',NULL,'新增','ADD'), ('402881e740477905014047794ae40100','402881e7404779050140477940280097',NULL,'新增','ADD'), ('402881e740477905014047794bba0109','402881e7404779050140477935e90034',NULL,'新增','ADD'), ('402881e740477905014047794bd8010a','402881e740477905014047793cbf0075',NULL,'分配角色','DEFROLE'), ('402881e740477905014047794c04010c','402881e740477905014047793cbf0075',NULL,'查询','QUERY'), ('402881e740477905014047794c47010f','402881e740477905014047793cbf0075',NULL,'修改用户','EDIT'), ('402881e740477905014047794c730111','402881e740477905014047793cbf0075',NULL,'删除用户','DELETE'), ('402881e740477905014047794d48011a','402881e740477905014047793362001b',NULL,'修改','EDIT'), ('402881e740477905014047794d73011c','402881e740477905014047793362001b',NULL,'新增','ADD'), ('402881e740477905014047794e660123','402881e7404779050140477931e6000d',NULL,'新增','ADD'), ('402881e740477905014047794ec00127','402881e7404779050140477940280097',NULL,'删除','DELETE'), ('402881e740477905014047794eeb0129','402881e7404779050140477940280097',NULL,'修改','EDIT'), ('402881e7404779050140477950010133','402881e7404779050140477935e90034',NULL,'删除','DELETE'), ('402881e74047790501404779505a0137','402881e7404779050140477931e6000d',NULL,'修改','EDIT'), ('402881e7404779050140477950a1013a','402881e7404779050140477935e90034',NULL,'查询','QUERY'), ('402881e74047790501404779515a0142','402881e7404779050140477935e90034',NULL,'修改','EDIT'), ('402881e74047790501404779519c0145','402881e7404779050140477951860144',NULL,'查询','QUERY'), ('402881e7404779050140477951b30146','402881e74047790501404779474000d9',NULL,'修改','EDIT'), ('402881e740477905014047795237014c','402881e7404779050140477939bb0058',NULL,'删除','DELETE'), ('402881e7404779050140477952920150','402881e74047790501404779474000d9',NULL,'新增','ADD'), ('402881e7404779050140477952d40153','402881e7404779050140477948ad00e9',NULL,'删除','DELETE'), ('402881e7404779050140477953160156','402881e7404779050140477948ad00e9',NULL,'修改','EDIT'), ('402881e7404779050140477954380163','402881e7404779050140477948ad00e9',NULL,'取消分配用户','CANCEL'), ('402881e7404779050140477956550178','402881e740477905014047793eaa008a',NULL,'查询','QUERY'), ('402881e740477905014047795a2a0188','402881e7404779050140477951860144',NULL,'删除','DELETE'), ('402881e740477905014047795a3f0189','402881e740477905014047793cbf0075',NULL,'分配特权','PRIVILEGE'), ('402881e740477905014047795eda01b6','402881e740477905014047793cbf0075',NULL,'收回权限','RESET'), ('402881e740477905014047795fc101bf','402881e7404779050140477948ad00e9',NULL,'分配用户','ALLOCATION'), ('402881e74047790501404779647001eb','402881e74047790501404779332a0019',NULL,'删除','DELETE'), ('402881e74047790501404779660001fa','402881e74047790501404779332a0019',NULL,'查询','QUERY');
INSERT INTO `t_sys_org` VALUES ('402881e740477905014047793542002d','001','手拉手技术分享联盟',NULL,NULL,NULL,NULL,NULL,'zs',NULL,'本系统根单位信息','01','1','手拉手技术分享联盟',NULL,NULL,NULL,'1',NULL), ('402881e7404779050140477936a6003c','001007','中南技术联盟','402881e740477905014047793542002d',NULL,NULL,NULL,NULL,'zs',NULL,'八大技术联盟之一','01','2','中南技术联盟',NULL,NULL,NULL,'1',NULL), ('402881e7404779050140477936b7003d','001008','华南技术联盟','402881e740477905014047793542002d',NULL,NULL,NULL,NULL,'zs',NULL,'八大技术联盟之一','01','2','华南技术联盟',NULL,NULL,NULL,'1',NULL), ('402881e7404779050140477936d0003e','001005','东北技术联盟','402881e740477905014047793542002d',NULL,NULL,NULL,NULL,'zs',NULL,'八大技术联盟之一','01','2','东北技术联盟',NULL,NULL,NULL,'1',NULL), ('402881e7404779050140477937480041','001006','华东技术联盟','402881e740477905014047793542002d',NULL,NULL,NULL,NULL,'zs',NULL,'八大技术联盟之一','01','2','华东技术联盟',NULL,NULL,NULL,'1',NULL), ('402881e7404779050140477937620042','001003','西北技术联盟','402881e740477905014047793542002d',NULL,NULL,NULL,NULL,'zs',NULL,'八大技术联盟之一','01','2','西北技术联盟',NULL,NULL,NULL,'1',NULL), ('402881e7404779050140477937990044','001004','西南技术联盟','402881e740477905014047793542002d',NULL,NULL,NULL,NULL,'zs',NULL,'八大技术联盟之一','01','2','西南技术联盟',NULL,NULL,NULL,'1',NULL), ('402881e7404779050140477937c20045','001001','华东技术联盟','402881e740477905014047793542002d',NULL,NULL,NULL,NULL,'zs',NULL,'八大技术联盟之一','01','2','华东技术联盟',NULL,NULL,NULL,'1',NULL), ('402881e7404779050140477937e70046','001002','华北技术联盟','402881e740477905014047793542002d',NULL,NULL,NULL,NULL,'zs',NULL,'八大技术联盟之一','01','2','华北技术联盟',NULL,NULL,NULL,'1',NULL), ('402881e74047790501404779497600f2','001007001','长沙技术群','402881e7404779050140477936a6003c',NULL,NULL,NULL,NULL,'zs',NULL,'技术联盟下的分公司','01','3','长沙技术群',NULL,NULL,NULL,'1',NULL);
INSERT INTO `t_sys_parameter` VALUES ('402881e74047790501404779320a000e','1','用户头像上传路径','E:\\\\images\\\\userinfo','0','/images/userinfo','userImagePath',NULL,NULL,NULL,NULL), ('402881e7404779050140477932760013','1','用户在线状态','1','0','在线','isonline',NULL,NULL,NULL,NULL), ('402881e74047790501404779328f0014','1','用户在线状态','2','0','不在线','isonline',NULL,NULL,NULL,NULL), ('402881e740477905014047793b600066','1','参数是否默认','2','0','默认','isdefault',NULL,NULL,NULL,NULL), ('402881e740477905014047793b730067','2','参数是否默认','1','0','非默认','isdefault',NULL,NULL,NULL,NULL), ('402881e740477905014047793db50080','2','参数级别','2','0','用户级','paraClass',NULL,NULL,NULL,NULL), ('402881e740477905014047793dee0082','1','参数级别','1','0','系统级','paraClass',NULL,NULL,NULL,NULL), ('402881e74047790501404779442a00be','1','性别','2','0','女','sex',NULL,NULL,NULL,NULL), ('402881e74047790501404779445600c0','1','性别','1','0','男','sex',NULL,NULL,NULL,NULL), ('402881e74047790501404779466e00d0','','角色类型','2','0','私有','rolesort','2',NULL,NULL,NULL), ('402881e7404779050140477946f600d6','','角色类型','1','0','公共','rolesort','1',NULL,NULL,NULL), ('402881e740477905014047794aa400fd','','是否为开发管理员','devadmin','0','devadmin','SUPER_USER','1',NULL,NULL,NULL), ('402881e740477905014047794ce30116','1','岗位级别','1','0','公共岗位','DUTYSORT',NULL,NULL,NULL,NULL), ('402881e740477905014047794d1a0118','1','岗位级别','3','0','技术联盟级别','DUTYSORT',NULL,NULL,NULL,NULL), ('402881e740477905014047794d300119','1','岗位级别','2','0','集团级别','DUTYSORT',NULL,NULL,NULL,NULL), ('402881e740477905014047794f38012c','1','页数','20','0','20','initPageSize',NULL,NULL,NULL,NULL), ('402881e740477905014047794f69012e','2','页数','10','0','10','initPageSize',NULL,NULL,NULL,NULL), ('402881e7404779050140477954d4016a','1','单位类型','1','0','单位','ORG_SORT','1',NULL,NULL,NULL), ('402881e7404779050140477956200176','1','是否有子结点','1','0','有子结点','isLeaf',NULL,NULL,NULL,NULL), ('402881e7404779050140477956370177','1','是否有子结点','2','0','无子结点','isLeaf',NULL,NULL,NULL,NULL), ('402881e7404779050140477957e3017c','','用户状态','4','0','离职','userState','4',NULL,NULL,NULL), ('402881e740477905014047795807017d','','用户状态','3','0','调岗','userState','3',NULL,NULL,NULL), ('402881e7404779050140477958a7017e','','用户状态','2','0','停用','userState','2',NULL,NULL,NULL), ('402881e7404779050140477958cb017f','1','用户状态','1','0','正常','userState','1',NULL,NULL,NULL), ('402881e7404779050140477959900183','','角色级别','2','0','群级别','roleType',NULL,NULL,NULL,NULL), ('402881e740477905014047795b5f0195','','角色级别','1','0','技术联盟级别','roleType',NULL,NULL,NULL,NULL), ('402881e740477905014047795f8201bd','','单位类型','2','0','部门','ORG_SORT','2',NULL,NULL,NULL), ('402881e7404779050140477960cb01ca','1','单位类型','zs','0','直属单位','RUN_MODE','1',NULL,NULL,NULL), ('402881e74047790501404779613b01cf','1','单位类型','hz','0','合作单位','RUN_MODE','2',NULL,NULL,NULL), ('402881e7404779050140477961e601d4','1','模块图标路径','e:\\\\images\\\\module','0','/images/module','moduleImagePath',NULL,NULL,NULL,NULL), ('402881e7404779050140477967ea0210','1','用户类型','2','0','正式员工','userType',NULL,NULL,NULL,NULL), ('402881e7404779050140477968160212','1','用户类型','1','0','临时员工','userType',NULL,NULL,NULL,NULL), ('402881e7404779050140477968850217','1','岗位类型','4','0','总监','dutytype',NULL,NULL,NULL,NULL), ('402881e7404779050140477968b20219','1','岗位类型','3','0','副总经理','dutytype',NULL,NULL,NULL,NULL), ('402881e7404779050140477968c7021a','1','岗位类型','2','0','总经理','dutytype',NULL,NULL,NULL,NULL), ('402881e7404779050140477968ed021b','1','岗位类型','1','0','主席','dutytype',NULL,NULL,NULL,NULL);
INSERT INTO `t_sys_treeprivilege` VALUES ('402881e7404779050140477940ff009e','402881e7404779050140477937e70046','402881e7404779050140477940e0009d'), ('402881e740477905014047794117009f','402881e7404779050140477937c20045','402881e7404779050140477940e0009d'), ('402881e74047790501404779413600a0','402881e7404779050140477937990044','402881e7404779050140477940e0009d'), ('402881e74047790501404779414e00a1','402881e7404779050140477937620042','402881e7404779050140477940e0009d'), ('402881e74047790501404779418900a3','402881e7404779050140477937480041','402881e7404779050140477940e0009d'), ('402881e7404779050140477941dd00a6','402881e7404779050140477936d0003e','402881e7404779050140477940e0009d'), ('402881e74047790501404779421400a8','402881e7404779050140477936b7003d','402881e7404779050140477940e0009d'), ('402881e74047790501404779424000a9','402881e7404779050140477936a6003c','402881e7404779050140477940e0009d'), ('402881e74047790501404779427000ab','402881e740477905014047793542002d','402881e7404779050140477940e0009d'), ('402881e74047790501404779498b00f3','402881e74047790501404779497600f2','402881e7404779050140477940e0009d'), ('402881e74047f1db014047f318770007','402881e7404779050140477937c20045','402881e7404779050140478a804b0257'), ('402881e74047f1db014047f3188b0008','402881e7404779050140477937e70046','402881e7404779050140478a804b0257'), ('402881e74047f1db014047f318a30009','402881e7404779050140477937620042','402881e7404779050140478a804b0257'), ('402881e74047f1db014047f318b9000a','402881e7404779050140477937990044','402881e7404779050140478a804b0257'), ('402881e74047f1db014047f318d1000b','402881e740477905014047793542002d','402881e7404779050140478a804b0257'), ('402881e7404819110140481be5510006','402881e7404779050140477937c20045','402881e7404819110140481bdf980000'), ('402881e7404819110140481be66e0007','402881e7404779050140477937e70046','402881e7404819110140481bdf980000'), ('402881e7404819110140481be71c0008','402881e7404779050140477937620042','402881e7404819110140481bdf980000'), ('402881e7404819110140481be7ca0009','402881e740477905014047793542002d','402881e7404819110140481bdf980000');
